<?xml version="1.0" encoding="UTF-8"?>
<highlights>
    <profile>
        <name>Default</name>
        <highlight>
            <enable>1</enable>
            <match>
                <operationp>0</operationp>
                <priority>0</priority>
                <matchcase>1</matchcase>
                <field1>0</field1>
                <contains1>1</contains1>
                <text1></text1>
                <field2>0</field2>
                <contains2>1</contains2>
                <text2></text2>
            </match>
            <style>
                <textColor>16777215</textColor>
                <backgroundColor>225</backgroundColor>
                <bold>1</bold>
                <italic>0</italic>
                <underline>0</underline>
            </style>
        </highlight>
        <highlight>
            <enable>1</enable>
            <match>
                <operationp>0</operationp>
                <priority>1</priority>
                <matchcase>1</matchcase>
                <field1>0</field1>
                <contains1>1</contains1>
                <text1></text1>
                <field2>0</field2>
                <contains2>1</contains2>
                <text2></text2>
            </match>
            <style>
                <textColor>16777215</textColor>
                <backgroundColor>2105599</backgroundColor>
                <bold>0</bold>
                <italic>0</italic>
                <underline>0</underline>
            </style>
        </highlight>
        <highlight>
            <enable>1</enable>
            <match>
                <operationp>0</operationp>
                <priority>2</priority>
                <matchcase>1</matchcase>
                <field1>0</field1>
                <contains1>1</contains1>
                <text1></text1>
                <field2>0</field2>
                <contains2>1</contains2>
                <text2></text2>
            </match>
            <style>
                <textColor>0</textColor>
                <backgroundColor>5855743</backgroundColor>
                <bold>0</bold>
                <italic>0</italic>
                <underline>0</underline>
            </style>
        </highlight>
        <highlight>
            <enable>1</enable>
            <match>
                <operationp>0</operationp>
                <priority>3</priority>
                <matchcase>1</matchcase>
                <field1>0</field1>
                <contains1>1</contains1>
                <text1></text1>
                <field2>0</field2>
                <contains2>1</contains2>
                <text2></text2>
            </match>
            <style>
                <textColor>0</textColor>
                <backgroundColor>10198015</backgroundColor>
                <bold>0</bold>
                <italic>0</italic>
                <underline>0</underline>
            </style>
        </highlight>
        <highlight>
            <enable>1</enable>
            <match>
                <operationp>0</operationp>
                <priority>4</priority>
                <matchcase>1</matchcase>
                <field1>0</field1>
                <contains1>1</contains1>
                <text1></text1>
                <field2>0</field2>
                <contains2>1</contains2>
                <text2></text2>
            </match>
            <style>
                <textColor>0</textColor>
                <backgroundColor>10485759</backgroundColor>
                <bold>0</bold>
                <italic>0</italic>
                <underline>0</underline>
            </style>
        </highlight>
        <highlight>
            <enable>1</enable>
            <match>
                <operationp>0</operationp>
                <priority>7</priority>
                <matchcase>1</matchcase>
                <field1>0</field1>
                <contains1>1</contains1>
                <text1></text1>
                <field2>0</field2>
                <contains2>1</contains2>
                <text2></text2>
            </match>
            <style>
                <textColor>0</textColor>
                <backgroundColor>13882323</backgroundColor>
                <bold>0</bold>
                <italic>0</italic>
                <underline>0</underline>
            </style>
        </highlight>
        <highlight>
            <enable>1</enable>
            <match>
                <operationp>0</operationp>
                <priority>-1</priority>
                <matchcase>1</matchcase>
                <field1>0</field1>
                <contains1>1</contains1>
                <text1></text1>
                <field2>0</field2>
                <contains2>1</contains2>
                <text2></text2>
            </match>
            <style>
                <textColor>0</textColor>
                <backgroundColor>16777215</backgroundColor>
                <bold>0</bold>
                <italic>0</italic>
                <underline>0</underline>
            </style>
        </highlight>
    </profile>
    <profile>
        <name>Dark</name>
        <highlight>
            <enable>1</enable>
            <match>
                <operationp>0</operationp>
                <priority>0</priority>
                <matchcase>1</matchcase>
                <field1>0</field1>
                <contains1>1</contains1>
                <text1></text1>
                <field2>0</field2>
                <contains2>1</contains2>
                <text2></text2>
            </match>
            <style>
                <textColor>255</textColor>
                <backgroundColor>0</backgroundColor>
                <bold>1</bold>
                <italic>1</italic>
                <underline>0</underline>
            </style>
        </highlight>
        <highlight>
            <enable>1</enable>
            <match>
                <operationp>0</operationp>
                <priority>1</priority>
                <matchcase>1</matchcase>
                <field1>0</field1>
                <contains1>1</contains1>
                <text1></text1>
                <field2>0</field2>
                <contains2>1</contains2>
                <text2></text2>
            </match>
            <style>
                <textColor>255</textColor>
                <backgroundColor>0</backgroundColor>
                <bold>1</bold>
                <italic>0</italic>
                <underline>0</underline>
            </style>
        </highlight>
        <highlight>
            <enable>1</enable>
            <match>
                <operationp>0</operationp>
                <priority>2</priority>
                <matchcase>1</matchcase>
                <field1>0</field1>
                <contains1>1</contains1>
                <text1></text1>
                <field2>0</field2>
                <contains2>1</contains2>
                <text2></text2>
            </match>
            <style>
                <textColor>255</textColor>
                <backgroundColor>0</backgroundColor>
                <bold>0</bold>
                <italic>1</italic>
                <underline>0</underline>
            </style>
        </highlight>
        <highlight>
            <enable>1</enable>
            <match>
                <operationp>0</operationp>
                <priority>3</priority>
                <matchcase>1</matchcase>
                <field1>0</field1>
                <contains1>1</contains1>
                <text1></text1>
                <field2>0</field2>
                <contains2>1</contains2>
                <text2></text2>
            </match>
            <style>
                <textColor>255</textColor>
                <backgroundColor>0</backgroundColor>
                <bold>0</bold>
                <italic>0</italic>
                <underline>0</underline>
            </style>
        </highlight>
        <highlight>
            <enable>1</enable>
            <match>
                <operationp>0</operationp>
                <priority>4</priority>
                <matchcase>1</matchcase>
                <field1>0</field1>
                <contains1>1</contains1>
                <text1></text1>
                <field2>0</field2>
                <contains2>1</contains2>
                <text2></text2>
            </match>
            <style>
                <textColor>65535</textColor>
                <backgroundColor>0</backgroundColor>
                <bold>0</bold>
                <italic>0</italic>
                <underline>0</underline>
            </style>
        </highlight>
        <highlight>
            <enable>1</enable>
            <match>
                <operationp>0</operationp>
                <priority>7</priority>
                <matchcase>1</matchcase>
                <field1>0</field1>
                <contains1>1</contains1>
                <text1></text1>
                <field2>0</field2>
                <contains2>1</contains2>
                <text2></text2>
            </match>
            <style>
                <textColor>11711154</textColor>
                <backgroundColor>0</backgroundColor>
                <bold>0</bold>
                <italic>0</italic>
                <underline>0</underline>
            </style>
        </highlight>
        <highlight>
            <enable>1</enable>
            <match>
                <operationp>0</operationp>
                <priority>-1</priority>
                <matchcase>1</matchcase>
                <field1>0</field1>
                <contains1>1</contains1>
                <text1></text1>
                <field2>0</field2>
                <contains2>1</contains2>
                <text2></text2>
            </match>
            <style>
                <textColor>16777215</textColor>
                <backgroundColor>0</backgroundColor>
                <bold>0</bold>
                <italic>0</italic>
                <underline>0</underline>
            </style>
        </highlight>
    </profile>
    <profile>
        <name>Profile 3</name>
        <highlight>
            <enable>1</enable>
            <match>
                <operationp>0</operationp>
                <priority>-1</priority>
                <matchcase>1</matchcase>
                <field1>0</field1>
                <contains1>1</contains1>
                <text1></text1>
                <field2>0</field2>
                <contains2>1</contains2>
                <text2></text2>
            </match>
            <style>
                <textColor>0</textColor>
                <backgroundColor>16777215</backgroundColor>
                <bold>0</bold>
                <italic>0</italic>
                <underline>0</underline>
            </style>
        </highlight>
    </profile>
    <profile>
        <name>Profile 4</name>
        <highlight>
            <enable>1</enable>
            <match>
                <operationp>0</operationp>
                <priority>-1</priority>
                <matchcase>1</matchcase>
                <field1>0</field1>
                <contains1>1</contains1>
                <text1></text1>
                <field2>0</field2>
                <contains2>1</contains2>
                <text2></text2>
            </match>
            <style>
                <textColor>0</textColor>
                <backgroundColor>16777215</backgroundColor>
                <bold>0</bold>
                <italic>0</italic>
                <underline>0</underline>
            </style>
        </highlight>
    </profile>
    <profile>
        <name>Profile 5</name>
        <highlight>
            <enable>1</enable>
            <match>
                <operationp>0</operationp>
                <priority>-1</priority>
                <matchcase>1</matchcase>
                <field1>0</field1>
                <contains1>1</contains1>
                <text1></text1>
                <field2>0</field2>
                <contains2>1</contains2>
                <text2></text2>
            </match>
            <style>
                <textColor>0</textColor>
                <backgroundColor>16777215</backgroundColor>
                <bold>0</bold>
                <italic>0</italic>
                <underline>0</underline>
            </style>
        </highlight>
    </profile>
</highlights>
